Title,Authors,Year,Source title,DOI,EID,Abstract,Author Keywords,Document Type,Selection_Decision,Selection_Justification
Understanding workplace meetings; A qualitative taxonomy of meeting purposes,Allen J.A.; Beck T.; Scott C.W.; Rogelberg S.G.,2014,Management Research Review,10.1108/MRR-03-2013-0067,2-s2.0-84927521478,"The purpose of this study is to propose a taxonomy of meeting purpose. Meetings are a workplace activity that deserves increased attention from researchers and practitioners. Previous researchers attempted to develop typologies of meeting purpose with limited success. Through a comparison of classification methodologies, the authors consider a taxonomy as the appropriate classification scheme for meeting purpose. The authors then utilize the developed taxonomy to investigate the frequency with which a representative sample of working adults engaged in meetings of these varying purposes. Their proposed taxonomy provides relevant classifications for future research on meetings as well and serves as a useful tool for managers seeking to use and evaluate the effectiveness of meetings within their organizations. Design/methodology/approach – This study employs an inductive methodology using discourse analysis of qualitative meeting descriptions to develop a taxonomy of meeting purpose. The authors discourse analysis utilizes open-ended survey responses from a sample of working adults (n = 491). Findings – The authors categorical analysis of open-ended questions resulted in a 16-category taxonomy of meeting purpose. The two most prevalent meeting purpose categories in this sample were “to discuss ongoing projects” at 11.6 per cent and “to routinely discuss the state of the business” at 10.8 per cent. The two least common meeting purpose categories in this sample were “to brainstorm for ideas or solutions” at 3.3 per cent and “to discuss productivity and efficiencies” at 3.7 per cent. The taxonomy was analyzed across organizational type and employee job level to identify differences between those important organizational and employee characteristics. Research limitations/implications – The data suggested that meetings were institutionalized in organizations, making them useful at identifying differences between organizations as well as differences in employees in terms of scope of responsibility. Researchers and managers should consider the purposes for which they call meetings and how that manifests their overarching organizational focus, structure and goals Originality/value – This is the first study to overtly attempt to categorize the various purposes for which meetings are held. Further, this study develops a taxonomy of meeting purposes that will prove useful for investigating the different types of meeting purposes in a broad range of organizational types and structures.. © 2014, Emerald Group Publishing Limited 2040-8269.",Classification schemes; Meeting purpose; Meetings; Taxonomy,Article,Included,"Included: satisfies IC1, IC2, IC3 — proposes or applies a taxonomy/classification framework for meetings; analyzes structural dimensions, purposes, or attributes of meetings."
Generative AI-Enabled Virtual Twin for Meeting Assistants,Sajiukumar A.; Ranjan A.; Parvathi P.K.; Satheesh A.; Divya Udayan J.; Subramaniam U.,2025,"Proceedings - 2025 8th International Women in Data Science Conference at Prince Sultan University, WiDS-PSU 2025",10.1109/WiDS-PSU64963.2025.00025,2-s2.0-105007691247,"The growing dependence on virtual spaces for communication and collaboration has transformed interactions in numerous industries, ranging from professional meetings to education, entertainment, and healthcare. Despite the advancement of AI technologies such as three-dimensional modeling, voice cloning, and conversational AI, the convergence of these technologies in a single platform is still challenging. This paper introduces a unified framework that brings together state-of-the-art 3D avatar generation, real-time voice cloning, and conversational AI to enhance virtual interactions. The system utilizes Triplane neural representations and neural radiation fields (NeRF) for high-fidelity 3D avatar generation, speaker encoders coupled with Tacotron 2 and WaveRNN for natural voice cloning, and a context-aware chat algorithm for adaptive conversations. By overcoming the challenges of customization, integration, and real-time performance, the proposed framework addresses the increasing needs for realistic virtual representations, setting new benchmarks for AI-augmented interaction in virtual conferences, online representation, education, and healthcare.  © 2025 IEEE.",3D avatar generation; AI-augmented interaction; conversational AI; neural radiation fields (NeRF); real-time performance; voice cloning,Conference paper,Excluded,"Excluded: satisfies IC1 but does not meet IC2 or IC3 (no taxonomy, typology, classification, or structural/dimensional meeting analysis identified)."
Visualizing arguments and analysis of business meetings by focusing on aspects of arguments,Hirano K.,2010,Journal of Japan Industrial Management Association,,2-s2.0-78651248196,"This study proposes a method of visualizing and analyzing arguments that are discussed during decision-making processes concerning changes in business, in order to determine what problems exist and the causes of failures in the planning process. Firstly, the categories of classification used for analysis are presented by arranging the aspects of arguments discussed by participants in a business meeting. Next, data that has been accumulated using the business system transformation model (BSTM) is used to visualize the structure of discussions in terms of categorized aspects of arguments. This structure is plotted on two-dimensional scatter diagrams using multivariate analysis (quantification method Type-3). Then, using real business cases that are accumulated through the BSTM, this study proposes a way to analyze typical problems in the planning process using the structure of discussions that are plotted on the scatter diagrams. Finally, operational problems of this method and the possibilities of using this method as a way to encourage discussions in current business planning are discussed.",Analysis of argument; Aspects of argument; Business planning; Decision-making process; Multivariate analysis,Article,Included,"Included: satisfies IC1, IC2 — proposes or applies a taxonomy/classification framework for meetings."
"The panorama of public officials’ meeting trips after the COVID-19 pandemic: Impact level, recovery, and prospects",Pedreira Junior J.U.; Galindo E.P.; Batista A.H.; Pitombo C.S.; Rodrigues da Silva A.N.,2022,Frontiers in Future Transportation,10.3389/ffutr.2022.972133,2-s2.0-85151838017,"The COVID-19 pandemic has brought about considerable changes to human mobility. Although circulation restrictions are being lifted worldwide following the mitigation of the crisis, the understanding of its long-term effects is still limited. This paper addresses the situation of business meeting trips made by public officials in Brazil by gauging the level shift in the number of trips, the pace of recovery in the aftermath and whether there is any perspective of returning to a pre-pandemic baseline in the near future. To answer these questions, more than 420,000 trips comprising 5 years of operation of the “TaxiGov” ridesourcing system were evaluated in the framework of a dynamic regression model based on an Interrupted Time Series analysis with Autoregressive Integrated Moving Average errors. We found that the baseline level of meeting trips plummeted more than 80% with the onset of the COVID-19 pandemic, an unprecedented effect that was not matched by any major external shock in recent human history. Based on a counterfactual scenario, more than 138,000 expected trips did not occur considering only the first year of the pandemic (April 2020 to March 2021), which is roughly three times as much as the actual number of trips in the same period. Furthermore, based on the time series’ characteristics, a forecast for the following year indicates that the number of business trips will be still behind the baseline figures of 2018 and 2019. We provide solid evidence that the COVID-19 might have produced longstanding (and perhaps irreversible) effects in business meeting trips in the Brazilian public sector. Important policies implemented throughout this period, such as the regulation of teleworking in the public sector, and the incorporation of new working habits after an extended period of adaptation are probably the main reasons behind these findings. Finally, we emphasize that the reduced environmental impacts ensuing from this decreased mobility could be further expanded by substituting car trips with microbus/van lines serving the main origin-destination trip pairs or by adding ridesharing/carpooling options within the existing ride sourcing system. Copyright © 2022 Pedreira Junior, Galindo, Batista, Pitombo and Rodrigues da Silva.",business meeting; forecasting; interrupted time series; teleconference; travel demand,Article,Excluded,"Excluded: satisfies IC1 but does not meet IC2 or IC3 (no taxonomy, typology, classification, or structural/dimensional meeting analysis identified)."
Virtual reality as an engagement driver in professional meetings,Šlapáková Losová V.; Orel M.,2025,Information Technology and People,10.1108/ITP-12-2024-1558,2-s2.0-105014886897,"Purpose This study proposes how to empirically measure and explain virtual reality’s (VR) impact on meeting engagement compared to traditional video conferencing through a novel methodological framework grounded in social presence theory, combining social network analysis with conversation analysis to address the lack of empirical evidence on VR’s effectiveness in authentic workplace settings. Design/methodology/approach Through a 16-week longitudinal experiment in a multinational company, we analyzed eight retrospective meetings to compare engagement patterns across platforms. The framework operationalizes engagement through group cohesion metrics and content characteristics, employing both quantitative network analysis and qualitative content analysis of interaction patterns. Findings Results suggest that VR meetings generate higher engagement levels through three key mechanisms: enhanced network density, more balanced participation patterns, and improved social presence behaviors. The most striking finding reveals VR’s capacity to enhance peripheral participant engagement, demonstrated by an increase in degree prestige for least active participants. Additionally, while VR meetings exhibited lower task-orientation, they fostered more dynamic and inclusive interactions, challenging traditional assumptions about meeting efficiency as a function of task-orientation. Originality/value The study presents empirical evidence of VR’s impact on meeting engagement in authentic workplace settings through an innovative methodological framework. The integration of social network analysis with conversation analysis establishes a non-intrusive method for evaluating meeting effectiveness, capturing both structural and qualitative aspects of engagement. These findings advance our understanding of how VR technology transforms interaction dynamics, suggesting a paradigm shift in virtual collaboration practices. © 2025 Emerald Publishing Limited",Meeting engagement; Social network analysis; Social presence theory; Virtual collaboration; Virtual reality,Article,Included,"Included: satisfies IC1, IC3, IC4 — analyzes structural dimensions, purposes, or attributes of meetings; addresses meeting effectiveness or professional collaboration."
"15th International KES Conference on Agent and Multi-Agent Systems-Technologies and Applications, KES-AMSTA 2021",,2021,"Smart Innovation, Systems and Technologies",,2-s2.0-85111132264,"The proceedings contain 43 papers. The special focus in this conference is on Agent and Multi-Agent Systems-Technologies and Applications. The topics include: Analysing Tweets Sentiments for Investment Decisions in the Stock Market; Impact of the COVID-19 Crisis on Digital Business Models—Contactless Payments; a Smart Lighting Context-Aware Model Based on Colored Petri Net; a Simulator for the Internet of Moving Things; a Multi-Agent-Based System for Intrusion Detection; multi-Agent Systems in Mechanical Engineering: A Review; temporal Multi-Agent’s Logic, Knowledge, Uncertainty, and Plausibility; two-Stage Lean Startup Model for Subscription Business; an Exploratory Study on Policy Evaluation of Tourism by Using Agent-Based Model; a Conceptual Model for Human-Agent Teams; A Study of the Impact of Crypto Assets on Portfolio Risk-Return Characteristics Before and After COVID-19 Outbreak (2014–2020); a Customer Experience Mapping Model for Business Case Description of Innovation and Value Co-creation; the Visualization of Innovation Pathway Based on Patent Data—Comparison Between Japan and America; constructing a Decision-Making System Using Patent Document Analysis; policy Simulation for Retirement Planning Based on Clusters Generated from Questionnaire Data; relationship Between Performance and Work Style Extracted from Location Data; potentials of Digital Business Models in Tourism—A Quantitative Study; collecting Diversified Opinions from Business Meetings: A Study Based on the Faultline Perspective; Intelligent System for the Evaluation of Implicit Memory with Semantic Emotional Stimuli (IS-EimSeS); Multiagent System for Home Appliances on Internet of Things (MAS-HAIoT); learned Dynamics Models and Online Planning for Model-Based Animation Agents; multiagent Emergency Triage Classification System for Health Monitoring; traveling Agents and Indirect Epidemic Transmission.",,Conference review,Excluded,Excluded per EC5 (conference proceedings index entry or non-research document — no original empirical or conceptual contribution to meeting taxonomy).
Formal - Nonformal learning acknowledgement to the new employment competencies,Kálmán A.,2012,Proceedings of the 40th SEFI Annual Conference 2012 - Engineering Education 2020: Meet the Future,,2-s2.0-84939528878,"The lecture will present a research launched in 2008 that was part of the tender called ""Formation of Competences Establishing Lifelong-Learning in the Dimension of Non-Formal and Informal Learning"". Our survey aimed to examine the adult population's willingness to learn after finishing their formal studies. It also intended to explore the typical learning scenes and learning habits of target groups distinguished on the basis of (academic) qualification, post-secondary education/vocational qualification and working experience, but homogeneous from other aspects. In this study we also inquired the responders about the followings: in what extent does the formal education system help adult learning; in what kind of communicational channels get they familiar with the adult self-training/self-developing opportunities; what do these opportunities aim at and in what extent did they incorporate it into their everyday lives; and what kind of adult learning habits did they develop for themselves. And also how can the different learning format influence the lifestyle and how can it be more effective. The methodology of the research used: to process the analysing methods and the devices of the empirical study, to implement the pilot studies, to analyse the results and observations of the study, to draft the development proposals and recommendations relating to supporting priorities. The applied research-methodological examinations in the survey: in the first phase of the research structured methods were used for exploring and selecting the best international practices, relevant documents and existing resources. The value of this research was to provide professional background to reform the national LLL strategy and provide a decision-preparatory material to draft the state aid policy of non-formal and informal learning. It was also important to suggest recommendations for professional trainings regarding the adaptability of knowledge acquired through non-formal and informal ways. It helped to shape the Budapest University of Technology and Economics classical strategy focusing on the different learning opportunities. This basic research helps to make the teacher and the learner understand how the learning process should be more effective, recognizing the paradigm shift focusing on the different approach of pedagogy to andragogy within the framework of lifelong learning. The overall problem is: what can the institutions of labour- and social policy; the institutions of teaching and educating do for establishing the opportunities, inner and outer conditions for continuous learning? The answer is: more, even more than these institutions themselves would ""think"". As for the solution, the first step is to strengthen the customer relationship management among the staff members. They should develop their diagnostic skills constantly in order to be able to form a picture of the specific person they are dealing with as fast and accurately as it is possible. Our questions concerning participation in formal education/training or other, formally organized education or training were designed to demonstrate how dominant this form of learning is among the varieties of learning methods and what institutional frameworks and contentual destination are required to fulfill its present mission. We can conclude on the importance of learning during adulthood that the majority of those questioned regard it essential. Its main reasons are work and way of life and the general human behaviour that drives people to solve new challenges in the natural and social surroundings. The personal motivation of adult education can be determined by a multitude of factors, including the vivid cultural identity of the individual and the desired one, the lack of necessary school certificates or professions required by the concrete or planned position, available navigational or information channels, necessary language knowledge or information technology, personal ambitions or carrier plans. One of the most important resources of continuous learning is the learning and the methodological culture of learning-promotion. The object rationality is only deceptive and quite often the new techniques and technology are limited by the traditional or instinctively reproduced frameworks. Thus not just the children, but also the adults know a little about successful learning and teaching. They hardly know their learning and teaching styles and they know even less about the arsenal of techniques and methods from which they can select after they have considered the optimality. Due to hierarchical traditions, the ""networkization"" and interactivity as characteristic features of democratic societies spread slowly as it would be favourable. This hinders the establishment of the conditions for continuous learning more than relative poverty. As for an example, let us take a look at the spread of the Internet usage in learning and working as a means of organising professional meetings and conferences, or how extensive the mailing traffic is among the co-workers of the offices of labour management, or the educators and students in order to become more informed and involved in joint problemsolving, or how many people write or read the electronic notice boards, and what is the amount of the received and read newsletters. Recommendations and Suggestions: Change of approach and alteration: mostly, organisational solutions and organisations themselves providing the conditions are in the focus of LLL approach. The enhancement of the LEARNING CITIZEN concept would facilitate to step out from the circle and many areas that so far have not been there could be involved. It requires other kind of ""pedagogy"". Dissemination of knowledge in our mediated world is not enough. EXPERINCE can give impetus and social psychologist should be considered more seriously.",Adult education; Informal-nonformal-formal learning; Lifewide-lifelong learning,Conference paper,Excluded,Excluded: title indicates primary domain is unrelated to professional meeting taxonomy or structure (paper only mentions meetings incidentally).
Markov features based DTCWS algorithm for online image forgery detection using ensemble classifier in the pandemic,Mehta R.; Aggarwal K.; Koundal D.; Alhudhaif A.; Polat K.,2021,Expert Systems with Applications,10.1016/j.eswa.2021.115630,2-s2.0-85111288916,"The unexpected blast of the COVID has been found everywhere in the world, and everyone has been shocked unusually. In this critical situation, the number of online activities increases, whether related to online education, research, business meetings, virtual conferences, or virtual court. Under this pandemic situation, digital images are the only source of information that can be generally shared and visualized in virtual conferences and social media, and it's challenging to share the document for forgery detection. Today, it's straight forward to forge these images using image-editing software, and it's essential to detect image forgery for such images. In this paper, an efficient novel Discrete-Time Cosine Wavelet and Spatial (DTCWS) Markov feature-based algorithm has been designed for the detection of such forgery, especially for this pandemic situation. For this work, high-dimensional Markov features have been extracted in the DTCWS domain, and the dimensionality of these Markov features has been reduced with Principal Component Analysis (PCA). Furthermore, the co-occurrence matrix has increased the correlation among coefficients. For classification, an optimized ensemble classifier is used for evaluating the results instead of using a support vector machine classifier. Due to the time constraint in online activities, the proposed algorithm shows the best accuracy of 99.9% without taking too much time and fewer complexes compared to the current work. © 2021 Elsevier Ltd",DCT and DWT domain; Digital image forensics; Ensemble classifier; Markov features; PCA; Spatial; Splicing detection,Article,Excluded,Excluded: title indicates primary domain is unrelated to professional meeting taxonomy or structure (paper only mentions meetings incidentally).
Destination brand images: A business tourism perspective,Hankinson G.,2005,Journal of Services Marketing,10.1108/08876040510579361,2-s2.0-19944423079,"Purpose - Most studies of destination brand images have been conducted from the perspective of the leisure tourist. This study identifies brand images from a business tourist perspective (people visiting destinations for business meetings, incentive events, conferences and exhibitions) and tests their relationship with perceived quality and commercial criteria. Design/methodology/approach - Data on the brand image attributes associated with 15 UK destinations promoting themselves as business tourism centres were collected via repertory grid analysis from a sample of 25 organisations using business tourism facilities. A self-completion questionnaire was used to measure managers' ratings of the perceived quality of each destination and the commercial criteria used to select a destination. The data were analysed using content analysis, exploratory factor analysis and correlation analysis. Findings - The content analysis identified eight clusters of brand image attributes. Subsequent factor analysis identified three underlying dimensions - overall destination attractiveness, functionality, and ambience. While all three were correlated with perceived quality, commercial criteria were dominated by a destination's functional rather than ambience attributes. Originality/value - The results of the study provide a more informed and systematic basis on which to develop a destination's business tourism positioning strategy by providing a framework for selecting relevant brand image attributes. © Emerald Group Publishing Limited.",Brand image; Business travel; Tourism; United Kingdom,Article,Excluded,Excluded: title indicates primary domain is unrelated to professional meeting taxonomy or structure (paper only mentions meetings incidentally).
Occlusion: an orthodontic perspective.,Kasrovi P.M.; Meyer M.; Nelson G.D.,2000,Journal of the California Dental Association,,2-s2.0-0034304651,"In recent years, orthodontists have examined their concepts of occlusion. In current literature, at professional meetings, and in continuing education courses, one hears an ongoing discussion of condylar position and mandibular border movements in relation to occlusion. There is a wide variation in opinion as to whether dental occlusion and TMJ function are interdependent. The authors have adopted a dynamic concept of dental function to replace the traditional static view of molar relationship and incisor overlap. This article discusses how occlusion has evolved in orthodontics and reviews Andrews' six keys to ideal static occlusion, the goals of ideal dynamic occlusion, and the six signs of developing malocclusions. The authors also review the literature on the relationship between orthodontics, occlusion, and TMD.",,Review,Excluded,Excluded: title indicates primary domain is unrelated to professional meeting taxonomy or structure (paper only mentions meetings incidentally).
Flexible openCL accelerated disparity estimation for video communication applications,Weigel C.; Treutner N.,2011,"3DTV Conference: The True Vision - Capture, Transmission and Display of 3D Video, 3DTV-CON 2011 - Proceedings",10.1109/3DTV.2011.5877207,2-s2.0-79960118862,"Due to widespread broadband connections in normal households, the use of video chats via Internet is no longer limited to business meetings. However, the camera configuration usually makes it impossible to achieve direct eye contact between the conversational partners. This effect can be compensated using virtual view synthesis methods based on disparity maps. The virtual camera is positioned behind the communications windows and thus re-establishes the eye-contact. Obtaining a good disparity map is still a challenging problem and, with respect to video communication, must perform at interactive frame rates. In this paper we present optimized algorithms for disparity estimation that run in near real time. Recent developments in the consumer-hardware industry allow the implementation of complex algorithms for eye gaze correction, which can be used with relatively inexpensive out-of-the-box components. We employ the newly introduced OpenCL Framework and present an implementation of several optimized algorithms on a Graphics Processing Unit (GPU). Our implementation supports different methods for cost-estimation and aggregation, which we can combine flexibly. We present a method to efficiently implement a dynamic programming approach on the GPU. Our contribution makes it possible to interactively change parameters of the algorithms and get instant visual feedback which is crucial in algorithm development and parameter tuning. We also show first results of virtual views that re-establish the eye contact. © 2011 IEEE.",disparity estimation; GPGPU; OpenCL; video communication,Conference paper,Excluded,Excluded: title indicates primary domain is unrelated to professional meeting taxonomy or structure (paper only mentions meetings incidentally).
Commissive speech act use in intercultural business meetings,Bilbow G.T.,2002,IRAL - International Review of Applied Linguistics in Language Teaching,10.1515/iral.2002.014,2-s2.0-85007090372,"This paper focuses on the use of commissive speech acts (CSAs) in in a range of business meetings involving participants from different cultural groups, recorded at a large multinational airline corporation in Hong Kong. After a description of a simple framework for classifying commissive speech acts, the paper presents an analysis of the lexico-grammatical realization of commissive speech acts in the corpus. The paper concludes that two factors (participants' cultural predispositions and meeting-type) appear to significantly affect how and when commissive speech acts are used in business meetings in the corpus by different groups. The paper then briefly discusses the possible impact of differences between cultural groups in their patterns of commissive speech act use in multicultural group contexts. © 2002, by Walter de Gruyter GmbH & Co. KG. All rights reserved.",,Article,Included,"Included: satisfies IC1, IC3 — analyzes structural dimensions, purposes, or attributes of meetings."
Quality-based automatic classification for presentation slides,Kim S.; Jung W.; Han K.; Lee J.-G.; Yi M.Y.,2014,Lecture Notes in Computer Science (including subseries Lecture Notes in Artificial Intelligence and Lecture Notes in Bioinformatics),10.1007/978-3-319-06028-6_69,2-s2.0-84899926392,"Computerized presentation slides have become essential for effective business meetings, classroom discussions, and even general events and occasions. With the exploding number of online resources and materials, locating the slides of high quality is a daunting challenge. In this study, we present a new, comprehensive framework of information quality developed specifically for computerized presentation slides on the basis of a user study involving 60 university students from two universities and extensive coding analysis, and explore the possibility of automatically detecting the information quality of slides. Using the classifications made by human annotators as the golden standard, we compare and evaluate the performance of alternative information quality features and dimensions. The experimental results support the validity of the proposed approach in automatically assessing and classifying the information quality of slides. © 2014 Springer International Publishing Switzerland.",Classification; Information Quality (IQ); Presentation Slides,Conference paper,Excluded,Excluded: title indicates primary domain is unrelated to professional meeting taxonomy or structure (paper only mentions meetings incidentally).
Group Dynamics in the Metaverse: A Conceptual Framework and First Empirical Insights,Grabowski M.; Lehmann-Willenbrock N.; Rings S.; Blanchard A.; Steinicke F.,2024,Small Group Research,10.1177/10464964241274120,2-s2.0-85202167196,"The metaverse offers new technological possibilities for conducting 3D immersive meetings with head-mounted displays that can enrich virtual teamwork. To conceptualize this new interaction space, we synthesize interdisciplinary findings from human-computer interaction literature, group research, and meeting science. We develop a conceptual framework of 3D immersive group meetings that integrates technological design characteristics, subjective attendee experiences, mediating mechanisms, and meeting outcomes. As a first empirical glimpse into this framework, we include a pilot study of group member’s self-reported experiences and observed group dynamics in the metaverse. Building on our framework and first empirical insights, we discuss implications for future investigations of group dynamics in the metaverse. © The Author(s) 2024.",entitativity; group dynamics; interaction flow; meetings; metaverse; virtual reality,Article,Included,"Included: satisfies IC1, IC3 — analyzes structural dimensions, purposes, or attributes of meetings."
Developing information quality assessment framework of presentation slides,Kim S.; Lee J.-G.; Yi M.Y.,2017,Journal of Information Science,10.1177/0165551516661917,2-s2.0-85034615463,"Computerized presentation slides have become essential for many occasions such as business meetings, classroom discussions, multipurpose talks and public events. Given the tremendous increases in online resources and materials, locating high-quality slides relevant to a given task is often a formidable challenge, particularly when a user looks for superior quality slides. This study proposes a new, comprehensive framework for information quality (IQ) developed specifically for computerized presentation slides and explores the possibility of automatically detecting the IQ of slides. To determine slide-specific IQ criteria as well as their relative importances, we carried out a user study, involving 60 participants from two universities, and conducted extensive coding analysis. Further, we subsequently conducted a series of multiple experiments to examine the validity of the IQ features developed on the basis of the selected criteria from the user study. The study findings contribute to identifying key dimensions and related features that can improve effective IQ assessments of computerized presentation slides. © 2016, © The Author(s) 2016.",information quality (IQ); IQ assessment; presentation slides; qualitative study; slide ranking,Article,Excluded,Excluded: title indicates primary domain is unrelated to professional meeting taxonomy or structure (paper only mentions meetings incidentally).
Model to estimate threshold mechanical stability of lower lateral Cartilage,Kim J.H.; Hamamoto A.; Kiyohara N.; Wong B.J.F.,2015,JAMA Facial Plastic Surgery,10.1001/jamafacial.2015.0255,2-s2.0-84941887555,"IMPORTANCE In rhinoplasty, techniques used to alter the shape of the nasal tip often compromise the structural stability of the cartilage framework in the nose. Determining the minimum threshold level of cartilage stiffness required to maintain long-Term structural stability is a critical aspect in performing these surgical maneuvers. OBJECTIVE To quantify the minimum threshold mechanical stability (elastic modulus) of lower lateral cartilage (LLC) according to expert opinion. METHODS Five anatomically correct LLC phantoms were made from urethane via a 3-dimensional computer modeling and injection molding process. All 5 had identical geometry but varied in stiffness along the intermediate crural region (0.63-30.6 MPa). DESIGN, SETTING, AND PARTICIPANTS A focus group of experienced rhinoplasty surgeons (n = 33) was surveyed at a regional professional meeting on October 25, 2013. Each survey participant was presented the 5 phantoms in a random order and asked to arrange the phantoms in order of increasing stiffness based on their sense of touch. Then, they were asked to select a single phantom out of the set that they believed to have the minimum acceptable mechanical stability for LLC to maintain proper form and function. MAIN OUTCOMES AND MEASURES A binary logistic regressionwas performed to calculate the probability of mechanical acceptability as a function of the elastic modulus of the LLC based on survey data. A Hosmer-Lemeshow test was performed to measure the goodness of fit between the logistic regression and survey data. The minimum threshold mechanical stability for LLC was taken at a 50% acceptability rating. RESULTS Phantom 4 was selected most frequently by the participants as having the minimum acceptable stiffness for LLC intermediate care. The minimum threshold mechanical stability for LLC was determined to be 3.65 MPa. The Hosmer-Lemeshow test revealed good fit between the logistic regression and survey data (X23 = 0.92, P = .82). CONCLUSIONS AND RELEVANCE This study presents a novelmethod of modeling anatomical structures and quantifying the mechanical properties of nasal cartilage. Quantifying these parameters is an important step in guiding surgical maneuvers performed in rhinoplasty. Copyright © 2015 American Medical Association. All rights reserved.",,Article,Excluded,Excluded: title indicates primary domain is unrelated to professional meeting taxonomy or structure (paper only mentions meetings incidentally).
Modelling media choices in business organizations: Implications for analyzing telecommunications-transportation interactions,Moore A.; Jovanis P.P.,1988,Transportation Research Part A: General,10.1016/0191-2607(88)90004-0,2-s2.0-0024053119,"A framework to analyze the impact of the new electronic communication technologies on transportation systems in the business setting has been proposed. A component of the framework that focuses on the media choice processes of individuals was empirically tested using scenarios in which the physical mail media, courier services, the telephone, voice mail, and electronic mail were alternatives to complete information communication tasks. The media choice model developed in this research emphasizes the influence of the context of the communication activity on media choice. Individual and organizational characteristics are explicitly considered, along with variables describing the communication activity itself, and the relationship between the initiator and the recipient of the communication. These characteristics determine the relative importance of a set of communication attributes and personal needs which are then matched against the individual's perceptions and feelings about the media to form preferences and choices in specific contexts. Empirical results are presented using preference logit models for a series of information communication situations. Significant variations in preferences and the levels of significance of the independent variables provided evidence of the strong influence the context of the communication activity has on media choice. Implications of these results are discussed in terms of other types of business meetings which may involve choices between telecommunications media and transportation modes. The primary contribution of this research is a methodology that can be extended to rigorously analyze telecommunications-transportation interactions. The paper discusses some of the issues that need to be addressed in modelling telecommunications-transportation interactions. © 1988.",,Article,Excluded,"Excluded: satisfies IC1 but does not meet IC2 or IC3 (no taxonomy, typology, classification, or structural/dimensional meeting analysis identified)."
National qualifications frameworks: Conceptual and methodological principles in the context of unresolved issues,Oleynikova O.N.; Muravyeva A.A.; Aksenova N.M.,2018,Obrazovanie i Nauka,10.17853/1994-5639-2018-6-70-89,2-s2.0-85062532359,"Introduction. The deficiency of highly skilled professionals meeting the requirements of the modern labour market has become the reason for search of new, more effective regulation mechanisms of vocational training and personnel certification for post-industrial knowledge-based economy. As international practice demonstrates, such mechanisms could be the National Qualifications Systems (NQS), National Qualifications Framework (NQF) and Professional Standards (PS) that are comparable with the European Qualifications Framework (EQF), designed for lifelong education implementation. Aim. Having analysed the international experience, the aims of the article are to discuss the issues of NQF and PS implementation and to consider the possibility of adaptation of the best models of foreign practice for the Russian realities. Methodology and research methods. The methods of collecting empirical information, comparative and conceptual-terminological analysis were applied in the course of studying methodological and methodical aspects of construction and functioning of NQS; the methods of generalization, interpretation and modeling were applied. The results and scientific novelty. The complex of the systemic problems which restrict the process of NQS formation launched in Russia is noted. The revealed reasons are explained by the developed psychological, organizational and methodical stereotypes; the ways of overcoming the current problems are outlined. According to the authors, the key problem is the dichotomy between professional and educational qualifications which does not exist in the international discourse, but is deeply rooted in consciousness of the Russians. Such a distinction involves irrational duplication of procedures for the qualifications assessment and generates a number of other difficulties interfering effective development of NQS and obtaining the maximum benefits from its use. In order to resolve the revealed contradictions and shortcomings, the authors analysed the experience of other countries where national systems of qualifications are implemented. Based on the international practice invariant systemically important parameters and variable characteristics of NQS and NQF are singled out and described. The typology of the qualifications framework and the principles of their design are proved. Practical significance. The research materials and findings, recommendations and suggestions for integrated improvement of mechanisms of Federal State Educational Standards, introduced PS and the system of independent assessment of qualifications can be useful for professional development of the experts and methodologists participating in design and modernization of NQF, development of professional and educational standards along with the main and additional programs of vocational training. © 2018 Obrazovanie i Nauka. All rights reserved.",Competences; Education Standards; Infrastructure of the National Qualifications System; Learning outcomes; National Qualifications Framework (NQF); National Qualifications System (NQS); Professional Standards; Qualification,Article,Excluded,Excluded: title indicates primary domain is unrelated to professional meeting taxonomy or structure (paper only mentions meetings incidentally).
Integrating workplace meetings and team creative process literature: A multi-level perspective,Murugavel V.R.; Reiter-Palmon R.,2023,Organizational Psychology Review,10.1177/20413866221143369,2-s2.0-85147432545,"Expanding existing meeting typologies, this paper introduces a model of the team creative process in meetings to better capture and study the full breath of meeting activity that results in creative outcomes. The primary goal of this work is to describe the processes that occur in the team creative process in meetings at the individual and team levels. A multi-level model that depicts the emergence of team creative cognitive processes from individual-level cognitions is presented. The nature of emergence of team creative processes is detailed. Research on creativity and meetings is integrated to better understand how meeting design characteristics influence creative output. This review of research is distilled to provide practical recommendations to best construct meetings to facilitate individual and team creativity. Additionally, the role of related team states in creative processes meetings is outlined. Finally, paths for future research on creativity in meetings are discussed. © The Author(s) 2023.",creative process; groups/teams; multi-level; workplace meetings,Article,Included,"Included: satisfies IC1, IC3 — analyzes structural dimensions, purposes, or attributes of meetings."
Bitemporal complex event processing of web event advertisements,Furche T.; Grasso G.; Huemer M.; Schallhart C.; Schrefl M.,2013,Lecture Notes in Computer Science (including subseries Lecture Notes in Artificial Intelligence and Lecture Notes in Bioinformatics),10.1007/978-3-642-41154-0_25,2-s2.0-84887427031,"The web is the largest bulletin board of the world. Events of all types, from flight arrivals to business meetings, are announced on this board. Tracking and reacting to such event announcements, however, is a tedious manual task, only slightly alleviated by email or similar notifications. Announcements are published with human readers in mind, and updates or delayed announcements are frequent. These characteristics have hampered attempts at automatic tracking. PeaCE provides the first integrated framework for event processing on top of web event ads. Given a schema of events to be tracked, the framework populates this schema through compact wrappers for event announcement sources. These wrappers produce events including updates and retractions. PeaCE then queries these events to detect complex events, often combining announcements from multiple sources. To deal with updates and delayed announcements, PeaCE's schemas are bitemporal so as to distinguish between occurrence and detection time. This allows complex event specifications to track updates and to react to differences in occurrence and detection time. Our evaluation shows that extracting the event from an announcement dominates the processing of PeaCE and that the complex event processor deals with several event announcement sources even with moderate resources. We further show, that simple restrictions on the complex event specifications suffice to guarantee that PEACE only requires a constant buffer to process arbitrarily many event announcements. © 2013 Springer-Verlag.",,Conference paper,Excluded,Excluded: title indicates primary domain is unrelated to professional meeting taxonomy or structure (paper only mentions meetings incidentally).
Restructuring of the Québec health network and its effects on the profession of home health aides and their occupational health and safety,Cloutier E.; David H.; Ledoux E.; Gagnon I.; Bourdouxhe M.; Ouellet F.,2007,New Solutions,10.2190/pv12-897h-6546-69w8,2-s2.0-34848839258,"The Québec health sector is facing profound macroeconomic and macro-organizational changes. This article addresses the impact of these changes on the work of home health aides (HHAs) and their occupational health and safety (OHS). The study was carried out in the home care services of four local community service centers (CLSCs) with different organizational characteristics. It is based on an analysis by triangulation of 66 individual and group interviews, 11 work days, and 35 multidisciplinary or professional meetings observed, as well as administrative documents. HHAs are experiencing an erosion of their job because the relational and emotional components of their work are disappearing. This results in an increase in musculoskeletal and psychological health problems. This study also shows that managers’ decisions can reduce or increase the HHAs’ work constraints. Stability in the clientele served and the possibility of organizing their routes are good examples of positive impacts. © 2007, Baywood Publishing Co., Inc.",,Article,Excluded,Excluded: title indicates primary domain is unrelated to professional meeting taxonomy or structure (paper only mentions meetings incidentally).
Making Every Meeting Count: A Qualitative Investigation of Multiteam Meeting Events and Their Role in Supporting Coordinated Cancer Care Delivery,Wolf A.V.; Hedrick K.N.; Begerowski S.R.; Wiper D.W.; Carter D.R.; Shuffler M.L.,2023,JCO Oncology Practice,10.1200/OP.22.00388,2-s2.0-85146193407,"PURPOSE:This research considers how cross-disciplinary cancer care meetings can facilitate coordination within the multiteam systems (MTSs) that provide inpatient hospital care. We conducted a series of interviews and observations with members of a single cancer care MTS to address the following research questions: (1) what are the key characteristics of MTS cancer care meetings (with regard to composition, focus, and structure)? and (2) how is cross-team coordination acknowledged and addressed during these meetings?METHODS:In this single-site case study of a MTS operating to provide gynecologic oncology care within a teaching hospital, two types of meetings, called rounds and huddles, were held consistently. We used qualitative methods, including interviews with health care professional subject matter experts and 30 hours of observations of cancer care meetings, and analyzed the data in three stages of qualitative coding.RESULTS:Our analyses resulted in a thematic framework detailing key processes, and subprocesses, identified as central to the activities of observed cancer care meetings. Key processes include information sharing, gaining clarity, strategizing, and pedagogy. Discussions and explanations of this framework showcase the ways in which MTS meetings can bolster cross-team coordination and facilitate MTS activities.CONCLUSION:Inpatient cancer care meetings provide opportunities to facilitate MTS coordination in several ways, yet doing so does not come without challenges. Considering these results together with insights from meeting science and MTS research, this article concludes by putting forward practical recommendations for leveraging opportunities and overcoming challenges to use cancer care meetings as tools to support cross-team coordination. © American Society of Clinical Oncology.",,Article,Included,"Included: satisfies IC1, IC2 — proposes or applies a taxonomy/classification framework for meetings."
Dialogue Orientations in Workplace Meetings,Cionea I.A.; Kavya P.; Wyant M.H.,2021,Management Communication Quarterly,10.1177/0893318920970542,2-s2.0-85095813570,"This study examined conversation preferences in workplace meetings via a cross-sectional survey of working adults (N = 217). Dialogue orientations from the argumentation literature were employed in conjunction with a typology of meetings proposed by the authors to examine communication and satisfaction in various types of meetings. Results revealed that three dialogue orientations (negotiation, information-giving, and eristic) predicted meeting satisfaction to a moderate degree. In addition, the use of several dialogue orientations differed depending on meeting type and an individual’s supervisory role. We discuss how these results can inform our understanding of dialogue opportunities and constraints during meetings, and recommend ways for improving meetings. These results are discussed in the context of organizational communication, including practical recommendations and theoretical implications. © The Author(s) 2020.",dialogue orientations; meeting satisfaction; supervisory role; workplace meetings,Article,Included,"Included: satisfies IC1, IC2, IC3 — proposes or applies a taxonomy/classification framework for meetings; analyzes structural dimensions, purposes, or attributes of meetings."
"Parties, persons, and one-at-a-time: conversation analysis and ELF; [Parties Personen und ""one-at-a-time"": Konversationsanalyse und ELF]",Santner-Wolfartsberger A.,2015,Journal of English as a Lingua Franca,10.1515/jelf-2015-0020,2-s2.0-85016177959,"Drawing on an analysis of ELF data, this article deals with the characteristics and complexities of turn-taking in interactions involving three or more participants. Sacks et al.'s (1974) often quoted framework for turn-taking in conversations, which can still be regarded canonical reading in the conversation analytic literature, serves as a starting point for this investigation. The aim of this paper is to scrutinize the applicability of the turn-taking model for group interactions. A key concept in this regard is the notion of a party: the conversation analytic model for turn-taking posits that turn-taking does not take place between individual speakers, but between parties (hence the term multi-party conversation) which can potentially consist of several speakers (cf. Schegloff 1995: 32-33). In group interactions it is thus possible that overlap occurs among co-incumbents of the same party. This kind of simultaneous speech, however, has not yet been subject of systematic empirical analysis. The present paper offers a preliminary account of this aspect of turn-taking in multi-participant interaction by discussing data extracts from an ELF workplace meeting of seven speakers and suggests possible avenues for further research on the phenomenon.  © 2015 by De Gruyter Mouton 2015.","""party; conversation analysis; English as a lingua franca; multi-participant interaction; turn-taking",Article,Included,"Included: satisfies IC1, IC3 — analyzes structural dimensions, purposes, or attributes of meetings."
Culture-driven scripts for meetings: An integrative theoretical lens for studying workplace meetings,Köhler T.; Tenzer H.; Cramton C.D.,2023,Organizational Psychology Review,10.1177/20413866221128968,2-s2.0-85139222727,"The current research conceptualizes workplace meetings as socially embedded forms of organizing and proposes that cross-cultural comparisons of workplace meetings offer insights into differences in meeting structures and processes. This provides a deeper understanding of how meetings drive organizing in different cultural settings. Specifically, we build programmatic theory proposing cognitive and behavioral scripts as a promising theoretical lens through which to capture and integrate sociocultural influences on workplace meetings. We adapt Cramton et al.'s (2021) cultural coordination scripts formulation (consisting of the task setting, role structure, temporal structure, and cues) to develop an interpretive framework for workplace meeting processes that orients future research on cross-cultural meetings. We further integrate existing research on cross-cultural meeting differences to develop a generic prototype meeting script and two illustrative examples of culturally specific meeting scripts (for German and U.S.-American meetings) to demonstrate the practical usefulness and usability of this programmatic theory. © The Author(s) 2022.; Workplace meetings are used by organizations to maintain their overarching goals and purpose. They are an important, maybe the most important, tool through which members of the organization ensure its functioning and the pursuit of its purpose. The form of meetings and the processes involved in carrying out meetings are influenced by the cultural context(s) in which the meeting is held and the organization resides. Previous research has identified meeting characteristics and processes that differ across cultures. Comparisons of meeting structures and processes embedded in different cultural contexts can help researchers explore how variations in meeting characteristics contribute to organizing in organizations. This in turn allows researchers to better illuminate, explain, and guide the management of meetings to support their core goals and purpose. In the current paper, we propose a novel way of conceptualizing, capturing, and studying cross-cultural variations in meeting structures and processes, using the lens of cognitive and behavioral scripts. Scripts are cognitive structures that organize knowledge around how events typically unfold and provide prescriptions for the ways in which actors should interact over time to achieve coordinated action in a task situation. We employ Cramton et al.'s (2021) cultural coordination scripts formulation to create a definition of meeting scripts as well as prototype meeting scripts that can provide the foundation for future meetings research and for improved facilitation of cross-cultural meetings in organizations. Furthermore, we build an overarching, integrative theoretical framework for understanding cross-cultural meeting differences, which will guide future research endeavors into and theorizing about meetings in different cultural contexts. © The Author(s) 2022.",cultural differences; programmatic theory; scripts; sociocultural view; workplace meetings,Article,Included,"Included: satisfies IC1, IC3 — analyzes structural dimensions, purposes, or attributes of meetings."
Peace-ful web event extraction and processing as bitemporal mutable events,Furche T.; Grasso G.; Huemer M.; Schallhart C.; Schrefl M.,2016,ACM Transactions on the Web,10.1145/2911989,2-s2.0-84983683607,"The web is the largest bulletin board of the world. Events of all types, from flight arrivals to business meetings, are announced on this board. Tracking and reacting to such event announcements, however, is a tedious manual task, only slightly alleviated by email or similar notifications. Announcements are published with human readers in mind, and updates or delayed announcements are frequent. These characteristics have hampered attempts at automatic tracking. PeaCE provides the first integrated framework for event processing on top of web event ads, consisting of event extraction, complex event processing, and action execution in response to these events. Given a schema of the events to be tracked, the framework populates this schema by extracting events from announcement sources. This extraction is performed by little programs called wrappers that produce the events including updates and retractions. PEACE then queries these events to detect complex events, often combining announcements from multiple sources. To deal with updates and delayed announcements, PEACE's schemas are bitemporal, to distinguish between occurrence and detection time. This allows complex event specifications to track updates and to react upon differences in occurrence and detection time. In case of new, changing, or deleted events, PEACE allows one to execute actions, such as tweeting or sending out email notifications. Actions are typically specified as web interactions, for example, to fill and submit a form with attributes of the triggering event. Our evaluation shows that PEACE's processing is dominated by the time needed for accessing the web to extract events and perform actions, allotting to 97.4%. Thus, PEACE requires only 2.6% overhead, and therefore, the complex event processor scales well even with moderate resources. We further show that simple and reasonable restrictions on complex event specifications and the timing of constituent events suffice to guarantee that PEACE only requires a constant buffer to process arbitrarily many event announcements. © 2016 ACM.",Active database systems; Complex event processing; Temporal databases; Web engineering; Web events,Article,Excluded,Excluded: title indicates primary domain is unrelated to professional meeting taxonomy or structure (paper only mentions meetings incidentally).
A Study on Interface Design to Provide Effective Meeting Summary Information: Focused on Narrative Chart and Topic Map Visualization,Lim S.; Park C.; Han H.; Ho J.; Hong J.; Lee S.; Lee K.,2021,Archives of Design Research,10.15187/adr.2021.02.34.1.115,2-s2.0-85101806174,"Background There are many cases in which experts work collaboratively in the workplace. The proportion of workplace meetings continues to increase. The purpose of this study is to develop a visualization system that summarizes meetings, which occur in the workplace. Methods We confirmed that meetings can be classified into discussion-centered and topic-oriented types. These are proceeded with the review on studies of office meeting analysis. To devise a method of summarizing contents of meetings, we selected the visualization method. A narrative chart technique was selected for the summary visualization of the discussion-centered meeting, and a topic map technique was selected for the summary visualization of the topic-oriented meeting. Design tasks were selected according to their requirements through discussions with domain experts and a visualization expert. Results We conducted two controlled usability tests using actual meeting data. Narrative chart–based visualization was proven to effectively provide a general overview of the meeting and the participants’ utterance patterns. Topic map-based visualization demonstrated that the contents of the meeting can be inferred through the relationship between the information on various keywords. Conclusions This study proposed a meeting summary visualization system that is suitable for different workplace meeting types based on the requirements of meeting records and meeting type classification. Two visualization methods were developed to overcome the limitations of the previous one that provides all meeting summary information in one system without considering the differences in the characteristics of the meeting types. © 2021. This is an Open Access article distributed under the terms of the Creative Commons Attribution Non-Commercial License (http://creativecommons.org/licenses/by-nc/3.0/), which permits unrestricted educational and non-commercial use, provided the original work is properly cited.",Data Visualization System; Design Research; Meeting Summarization; User Interface,Article,Included,"Included: satisfies IC1, IC2, IC3 — proposes or applies a taxonomy/classification framework for meetings; analyzes structural dimensions, purposes, or attributes of meetings."
THE STAFF MEETING … AND BEYOND …*,Kello J.E.; Allen J.A.,2020,Research on Managing Groups and Teams,10.1108/S1534-085620200000020002,2-s2.0-85130060942,"Previous research on workplace meetings identified critical design features, leader behaviors, group dynamics, post-meeting actions, and other factors which help determine the effectiveness of the meeting. But as much as the authors acknowledge that meetings may differ from each other, much of the research appears to assume that it is meaningful to talk about “the meeting” as a single, generic entity (most commonly, the regularly scheduled staff or department meeting). In fact, though, there are several common types of meetings which vary among themselves in terms of a number of measurable parameters such as structure, meeting members, meeting leader, timing and duration, and scope. It is a gratuitous assumption that what the authors know about workplace meetings based on one especially common type applies to all workplace meetings. This chapter offers a historical review of previous attempts to classify meeting types; it then overviews several common types which deviate from the standard staff meeting paradigm, including project team meetings, debrief meetings, committee meetings, site-wide meetings, shift change meetings, and crew formation meetings. In comparing these types to the staff meeting, the authors identify some of the critical differences, thereby providing a first step toward a true taxonomy of meetings. © 2020 by Emerald Publishing Limited All rights of reproduction in any form reserved.",critical parameters of meetings; meeting types; meetings research and practice; staff meeting; taxonomy; Workplace meetings,Book chapter,Included,"Included: satisfies IC1, IC2, IC3 — proposes or applies a taxonomy/classification framework for meetings; analyzes structural dimensions, purposes, or attributes of meetings."
Calibration and validation working group for surface biology and geology (SBG),Kokaly R.F.; Turpie K.R.,2019,International Geoscience and Remote Sensing Symposium (IGARSS),10.1109/IGARSS.2019.8900236,2-s2.0-85113838535,"A calibration/validation (cal/val) working group (CVWG) was established as part of a US government study of the Surface Biology and Geology (SBG) observing system priority identified in the 2017 National Academies of Sciences, Engineering, and Medicine decadal survey of Earth sciences and applications [1]. The 2017 decadal survey recommended the SBG mission as a designated observable to improve measurements of Earth's surface characteristics important for habitation, food, water, and many other natural resources. The candidate approach presented in the 2017 decadal survey was an imaging spectrometer spanning the visible and shortwave infrared (VSWIR) wavelength region and multi- or hyperspectral imagery in the thermal infrared (TIR). The SBG study is evaluating the candidate approach and other potential architectures in meeting science and application objectives. The SBG-CVWG, started in late 2018, has begun to identify elements of cal/val related to potential mission architectures. With the input of CVWG members and by engagement with the broader scientific community, other components of a cal/val framework are being defined including, prelaunch characterization and calibration, on-orbit calibration and monitoring, vicarious terrestrial/celestial calibration, data product validation, and intercomparison and potentially inter-calibration when multiple platforms are used.  © 2019 IEEE.",Calibration; Earth science missions; Hyperspectral remote sensing; Imaging spectroscopy; Validation,Conference paper,Excluded,Excluded per EC5 (conference proceedings index entry or non-research document — no original empirical or conceptual contribution to meeting taxonomy).
Toward a Strategic Perspective of Meeting Participation,Beck S.J.; Paskewitz E.A.; Allen J.A.,2025,Organizational Psychology Review,10.1177/20413866231226405,2-s2.0-86000734288,"Over the years, meeting attendance has become a larger and larger portion of employee workload. Meetings are salient locations of work, where group members interact in a way that advances the organizational goal. Since meeting interactions showcase group members’ preparation and competence, meeting participation is important not only to the purposes of the group but also to the reputation and credibility of the group members. The theoretical framework in this essay showcases the factors that influence how group members choose to participate in meetings. Group members must balance the need to maintain a good impression during meeting interaction while also weighing how much energy to use given the myriad responsibilities that members must juggled. Different meeting characteristics (e.g., virtual meetings and group size) may influence how members try to maintain good impressions and conserve energy. The intersection of these member goals creates five ways that individuals participate in meetings: full participation, nonparticipation, pretend participation, token legitimacy, and off/on participation. Meeting members may use one or several of these approaches during the course of a meeting, depending on how they balance their impression management and resource conservation goals. © The Author(s) 2024.; Participation in meetings is a multifaceted process. Meeting members must consider individual and meeting goals when creating their messages, as well as a host of other context and resource factors. The purpose of this essay is to create a framework through which to consider meeting member contributions. Pulling from literature in impression management, resource conservation, and meeting science, the essay introduces a strategic perspective of meeting participation and categorizes five meeting participation types. Implications of this perspective on future meeting research are considered. © The Author(s) 2024.",communication strategy; impression management; meeting participation; resource conservation,Article,Included,"Included: satisfies IC1, IC2, IC3 — proposes or applies a taxonomy/classification framework for meetings; analyzes structural dimensions, purposes, or attributes of meetings."
